{
  "fx": 518.4662475585938,
  "fy": 518.4662475585938,
  "ppx": 318.2836608886719,
  "ppy": 247.12730407714844,
  "width": 640,
  "height": 480,
  "depth_scale": 0.001
}