{
  "fx": 513.181640625,
  "fy": 513.181640625,
  "ppx": 329.772705078125,
  "ppy": 243.39663696289062,
  "width": 640,
  "height": 480,
  "depth_scale": 0.001
}